"n","b","est_name","psi","lower","upper"
1000,1,"IPCW-TMLE",0.0857875396937681,-0.0126397320417233,0.18421481142926
1000,1,"IPCW-TMLE-imp-plugin-MI",0.0847715736166691,0.0199266075345634,0.149616539698775
1000,1,"A-IPCW",0.0746361082434792,0.00952148662311665,0.122460735522413
1000,1,"raking",0.0917302442076885,0.0410188051291635,0.142441683286213
1000,2,"IPCW-TMLE",0.0367157023842734,-0.0434066379479676,0.116838042716514
1000,2,"IPCW-TMLE-imp-plugin-MI",0.0682198336402323,0.000647534927717783,0.135792132352747
1000,2,"A-IPCW",0.083432950204513,0.0160335050116403,0.132935708032841
1000,2,"raking",0.0570130859677881,0.00248232327432693,0.111543848661249
